ACHADO,TIPO_ACHADO
Inadequação das providências adotadas pela Administração para sanar interferências que possam provocar o atraso da obra.,Atraso ou paralisação da obra por ação ou omissão do gestor
Superfaturamento decorrente de quantitativo inadequado.,Superfaturamento
Obra iniciada sem Licença de Instalação.,"Ausência de licenças e autorizações necessárias à licitação, contratação, execução da obra ou funcionamento do empreendimento"
Projeto básico deficiente ou desatualizado.,"Projeto inexistente, deficiente ou desatualizado"
Projeto básico deficiente ou desatualizado.,"Projeto inexistente, deficiente ou desatualizado"
Pagamento por serviços não efetivamente executados,Liquidação e/ou pagamento irregular da despesa
Orçamento do Edital / Contrato / Aditivo incompleto ou inadequado.,Falha na composição dos custos expressos na planilha orçamentária
Superfaturamento decorrente de itens pagos em duplicidade.,Superfaturamento
Sobrepreço decorrente de preços excessivos frente ao mercado.,Sobrepreço
Sobrepreço decorrente de preços excessivos frente ao mercado.,Sobrepreço
Obra iniciada sem Licença de Instalação.,"Ausência de licenças e autorizações necessárias à licitação, contratação, execução da obra ou funcionamento do empreendimento"
Julgamento ou classificação das propostas em desacordo com os critérios do edital ou da legislação.,Julgamento em desconformidade com o edital e com a legislação (habilitação e propostas)
Falta de publicidade devida à licença ambiental.,"Ausência de licenças e autorizações necessárias à licitação, contratação, execução da obra ou funcionamento do empreendimento"
"Ausência de licitação autônoma para aquisição de equipamentos e/ou materiais, embora técnica e economicamente recomendável.",Restrição à competitividade do certame
Projeto básico deficiente ou desatualizado.,"Projeto inexistente, deficiente ou desatualizado"
Execução de serviços com qualidade deficiente.,Objeto entregue com qualidade deficiente ou em desacordo com o licitado e com a legislação
Licitação sem projeto básico ou com projeto básico sem aprovação pela autoridade competente.,"Projeto inexistente, deficiente ou desatualizado"
Restrição à competitividade da licitação decorrente de critérios inadequados de habilitação e julgamento.,Restrição à competitividade do certame
Restrição à competitividade da licitação decorrente de critérios inadequados de habilitação e julgamento.,Restrição à competitividade do certame
Existência de atrasos injustificáveis nas obras e serviços.,Descumprimento do cronograma físico-financeiro do objeto
Demais falhas na execução do convênio,Irregularidades na execução do convênio
Sobrepreço decorrente de preços excessivos frente ao mercado e duplicidade,Sobrepreço
Projeto básico/executivo deficiente ou inexistente - Medidas mitigadoras exigidas pelo EIA / RIMA não estão sendo observadas no projeto básico / executivo e/ou na execução da obra.,"Ausência de licenças e autorizações necessárias à licitação, contratação, execução da obra ou funcionamento do empreendimento"
Falta de justificativa técnica para alterações promovidas no projeto básico,"Aditivos irregulares, injustificados ou não celebrados"
Superfaturamento decorrente de preços excessivos frente ao mercado.,Superfaturamento
Irregularidade grave na execução do convênio - Ausência ou inadequabilidade das Prestações de Contas parciais apresentadas.,Ausência ou inadequação das prestações de contas do convênio
Julgamento da fase de habilitação em desacordo com os critérios do edital ou da legislação.,Julgamento em desconformidade com o edital e com a legislação (habilitação e propostas)
Indício de indevida rescisão amigável do contrato.,Outras irregularidades na execução do contrato
Inexecução parcial do objeto pactuado no âmbito do convênio 01.0090.00/2007,Outras irregularidades na execução do contrato
Fiscalização deficiente da execução do convênio.,Deficiência ou ausência do acompanhamento e fiscalização pelo órgão concedente
Superfaturamento decorrente de pagamento por serviço não executado.,Superfaturamento
Avanço desproporcional das etapas de serviço.,Descumprimento do cronograma físico-financeiro do objeto
"Inobservância das normas legais, regulamentares e contratuais relativas à responsabilidade das empresas projetistas, supervisoras e construtoras pela qualidade das obras, em especial quanto à reparação de defeitos ou à devolução de valores pagos.",Outras irregularidades na execução do contrato
Execução parcial do objeto pactuado,Irregularidades na execução do convênio
Inconsistências no valor necessário para a conclusão das obras remanescentes que ficarão sob responsabilidade do futuro subconcessionário,Boas práticas em gestão
O orçamento não é acompanhado das composições de todos os custos unitários de seus serviços no Edital / Contrato / Aditivo.,Falha na composição dos custos expressos na planilha orçamentária
"Perda potencial ou efetiva de serviços realizados, em face da não execução concomitante de serviços essenciais à integridade da obra.",Outras irregularidades na execução do contrato
Sobrepreço decorrente de itens considerados em duplicidade.,Sobrepreço
Ausência de ART do projeto básico.,Ausência de ART do projeto
Sobrepreço decorrente de quantitativo inadequado.,Sobrepreço
Superfaturamento pela medição de serviços não executados -  Remoção de solo mole e execução de colchão de areia ,Liquidação e/ou pagamento irregular da despesa
Projeto básico/executivo deficiente ou inexistente - Orçamento do Edital / Contrato / Aditivo Incompleto ou Inadequado.,Falha na composição dos custos expressos na planilha orçamentária
Obra de grande vulto não constitui projeto orçamentário específico no nível de título.,Dotação orçamentária incompatível com a execução do objeto
Previsão de adiantamento de pagamento sem a apresentação das garantias contratuais.,Garantia contratual inexistente
Critério de reajuste inexistente ou inadequado.,Cláusulas essenciais imprecisas ou ausentes
Sobrepreço decorrente de preços excessivos frente ao mercado.,Sobrepreço
Fiscalização ou supervisão deficiente ou omissa.,Fiscalização contratual inexistente ou deficiente
A obra paralisada está sendo deteriorada por intempéries ou por vandalismo.,Atraso ou paralisação da obra por ação ou omissão do gestor
Sobrepreço decorrente de preços excessivos frente ao mercado.,Sobrepreço
Adiantamento de pagamentos.,Liquidação e/ou pagamento irregular da despesa
BELMONTE - A.7 - Desvio de finalidade no uso dos veículos destinados ao transporte escolar.,Outras irregularidades na execução do contrato
Restrição à competitividade do certame.,Restrição à competitividade do certame
Execução de serviços com qualidade deficiente.,Objeto entregue com qualidade deficiente ou em desacordo com o licitado e com a legislação
Modalidade indevida de licitação.,"Adoção de tipo, regime ou modalidade de licitação indevidos"
Fuga à licitação por meio de inclusão de objeto estranho ao licitado.,Contratação direta indevida ou não justificada
Restrição à competitividade da licitação decorrente de critérios inadequados de habilitação e julgamento.,Restrição à competitividade do certame
Descumprimento de cláusulas contratuais.,Outras irregularidades na execução do contrato
"Existência de contratos do tipo guarda-chuva, com objeto amplo ou não definido.",Cláusulas essenciais imprecisas ou ausentes
"Cláusulas do Edital de Registro de Preços não faz menção ao desconto do ICMS, em sede de aquisição de medicamentos pela Sesab/BA.",Irregularidades na elaboração do ato convocatório
Orçamento do Edital / Contrato / Aditivo incompleto ou inadequado.,Falha na composição dos custos expressos na planilha orçamentária
Licitação sem projeto básico ou com projeto básico sem aprovação pela autoridade competente.,"Projeto inexistente, deficiente ou desatualizado"
Obra entregue sem estar devidamente concluída.,Objeto entregue com qualidade deficiente ou em desacordo com o licitado e com a legislação
Execução de serviços com qualidade deficiente.,Objeto entregue com qualidade deficiente ou em desacordo com o licitado e com a legislação
Impropriedades na execução do convênio,Irregularidades na execução do convênio
Sobrepreço decorrente de quantitativo inadequado.,Sobrepreço
Ausência de análise de prestação de contas do convênio (termo de compromisso). (III.6),Ausência ou inadequação das prestações de contas do convênio
Cálculo irregular da incidência de PIS e COFINS na apuração da taxa de BDI.,Falha na composição dos custos expressos na planilha orçamentária
Projeto executivo deficiente ou desatualizado.,"Projeto inexistente, deficiente ou desatualizado"
Projeto básico deficiente ou desatualizado.,"Projeto inexistente, deficiente ou desatualizado"
Projeto executivo deficiente ou desatualizado.,"Projeto inexistente, deficiente ou desatualizado"
Ausência de avaliação dos resultados das campanhas/ações de comunicação e dos serviços prestados pela agência de publicidade contratada.,Fiscalização contratual inexistente ou deficiente
Superfaturamento - Superfaturamento decorrente de BDI excessivo.,Superfaturamento
Sobrepreço decorrente de preços excessivos frente ao mercado.,Sobrepreço
A.1.2 - Adoção de inadequada forma de modalidade de licitação,"Adoção de tipo, regime ou modalidade de licitação indevidos"
Inclusão de parcela referente ao IRPJ e CSLL na composição do BDI ou na planilha de custo direto.,Falha na composição dos custos expressos na planilha orçamentária
Julgamento irregular de recursos interpostos durante a licitação.,Julgamento em desconformidade com o edital e com a legislação (habilitação e propostas)
"Falhas no gerenciamento e fiscalização do contrato 0200.0093599.14.2, com possibilidade de prejuízo financeiro à Petrobrás.",Fiscalização contratual inexistente ou deficiente
Fiscalização inadequada da obra consubstanciada na existência de pagamentos de serviços não recebidos ou feito a empresas não vinculadas à obra.,Fiscalização contratual inexistente ou deficiente
"Superfaturamento - Superfaturamento decorrente de preços excessivos frente ao mercado (serviços, insumos e encargos).",Superfaturamento
Projeto executivo deficiente ou desatualizado.,"Projeto inexistente, deficiente ou desatualizado"
Ausência de cadastramento de contrato ou convênio no SIASG - Contrato não cadastrado no SIASG.,"Ausência de formalização, publicidade e/ou transparência do contrato"
Execução orçamentária irregular - Objeto licitado incompatível com o PT utilizado.,Dotação orçamentária incompatível com a execução do objeto
Superfaturamento decorrente de preços excessivos frente ao mercado.,Superfaturamento
Sobrepreço decorrente de preços excessivos frente ao mercado.,Sobrepreço
Inexecução de obras previstas em contrato,Ausência de condições adequadas de segurança das obras/rodovias
Termo aditivo assinado após o término da vigência do contrato.,"Aditivos irregulares, injustificados ou não celebrados"
Restrição à competitividade da licitação decorrente de critérios inadequados de habilitação e julgamento.,Restrição à competitividade do certame
Projeto executivo deficiente ou desatualizado.,"Projeto inexistente, deficiente ou desatualizado"
Início de investimento com duração superior a um ano sem constar no Plano Plurianual.,Dotação orçamentária incompatível com a execução do objeto
A 8 - Sucateamento da frota municipal utilizada no transporte escolar.,Irregularidades na execução do convênio
Orçamento em desconformidade com as disposições da Lei de Diretrizes Orçamentárias,Falha na composição dos custos expressos na planilha orçamentária
Termo aditivo assinado após o término da vigência do contrato.,"Aditivos irregulares, injustificados ou não celebrados"
"A situação tida como de emergência, que justificou a instauração do processo 25063.001352/2017-25 e culminou com a celebração do contrato 15/2017, firmado entre a empresa CSC Melo e o DSEI Leste, originou-se, totalmente, da falta de planejamento do órgão.",Contratação direta indevida ou não justificada
Cláusulas contratuais em desacordo com os preceitos da Lei 8.666/93.,Cláusulas essenciais imprecisas ou ausentes
Adiantamento de pagamentos.,Liquidação e/ou pagamento irregular da despesa
Itens instalação/manutenção de canteiros e mobilização/desmobilização não se encontram detalhados no custo direto da obra.,Falha na composição dos custos expressos na planilha orçamentária
"Q11 -  Siconv 802244 - Concedente não tomou providências cabíveis relativamente à utilização indevida de pregão presencial para aquisição de bem, já que não amparada em justificativa plausível demonstrando inviabilidade do pregão eletrônico",Irregularidades na execução do convênio
Inclusão inadequada de itens na composição do BDI.,Falha na composição dos custos expressos na planilha orçamentária
Superfaturamento - Superfaturamento decorrente de inclusão inadequada de novos serviços.,Superfaturamento
"Pagamentos irregulares a 2.295 servidores (ativos e aposentados) e pensionistas, referentes a planos econômicos, em desconformidade com o Acórdão 2.161/2005-TCU-Plenário e o Acórdão 269/2012-TCU-Plenário",Descumprimento de determinação do TCU
Pagamento por serviços não previstos contratualmente.,Liquidação e/ou pagamento irregular da despesa
Quantitativos inadequados na planilha orçamentária.,"Projeto inexistente, deficiente ou desatualizado"
A.1.5 Ausência de depósito/prestação da contrapartida.,Irregularidades na execução do convênio
Acréscimos ou supressões em percentual superior ao legalmente permitido.,"Aditivos irregulares, injustificados ou não celebrados"
"Ausência, no edital, de critério de aceitabilidade de preços máximos - Inadequação ou inexistência dos critérios de aceitabilidade de preços unitário e global.",Irregularidades na elaboração do ato convocatório
O valor do convênio não cobre as despesas relativas à obra licitada ou é superior às despesas efetivas relacionadas à obra licitada.,Irregularidades na fase de proposição
As condicionantes da Licença de Instalação não estão sendo atendidas.,"Ausência de licenças e autorizações necessárias à licitação, contratação, execução da obra ou funcionamento do empreendimento"
Execução de serviços com qualidade deficiente.,Objeto entregue com qualidade deficiente ou em desacordo com o licitado e com a legislação
Ausência ou inadequação de providências para retomar o empreendimento paralisado.,Atraso ou paralisação da obra por ação ou omissão do gestor
Superfaturamento decorrente de preços excessivos frente ao mercado.,Superfaturamento
Excessivas alterações contratuais ,"Aditivos irregulares, injustificados ou não celebrados"
Sobrepreço decorrente de itens considerados em duplicidade.,Sobrepreço
Avanço desproporcional das etapas de serviço.,Descumprimento do cronograma físico-financeiro do objeto
Impropriedades na execução do convênio,Irregularidades na execução do convênio
Restrição à competitividade da licitação decorrente de critérios inadequados de habilitação e julgamento.,Restrição à competitividade do certame
BELMONTE - A.11.2 - Embarcações não adequadas ao transporte escolar ou sem condições gerais de navegabilidade.,Objeto entregue com qualidade deficiente ou em desacordo com o licitado e com a legislação
Sobrepreço decorrente de preços excessivos frente ao mercado.,Sobrepreço
Impropriedades no processo licitatório - As cláusulas presentes no contrato assinado não estão de acordo com aquelas que foram apresentadas na minuta de contrato presente no edital de licitação.,Divergência entre o contrato e o ato convocatório
Ausência de diário de obras e de relatórios do fiscal do empreendimento nos arquivos da prefeitura.,Fiscalização contratual inexistente ou deficiente
O orçamento não é acompanhado das composições de todos os custos unitários de seus serviços no Edital / Contrato / Aditivo.,Falha na composição dos custos expressos na planilha orçamentária
Inexecução parcial do objeto do contrato.,Objeto entregue com qualidade deficiente ou em desacordo com o licitado e com a legislação
Existência de atrasos injustificáveis nas obras e serviços.,Descumprimento do cronograma físico-financeiro do objeto
Obras paralisadas no âmbito dos CRs 790549/2013 e 800636/2013 celebrados entre município de Rorainópolis/RR e a empresa Essencial Serviços e Comércio Ltda-me.,Irregularidades na execução do convênio
Projeto básico deficiente,"Projeto inexistente, deficiente ou desatualizado"
Pagamento por serviços não previstos contratualmente.,Liquidação e/ou pagamento irregular da despesa
Restrição à competitividade da licitação decorrente de critérios inadequados de habilitação e julgamento.,Restrição à competitividade do certame
Liquidação irregular da despesa.,Liquidação e/ou pagamento irregular da despesa
"Mudança de objeto devido a alterações qualitativas (mudanças de projeto e de técnicas construtivas, modificações relevantes de materiais - tipo e qualidade).","Aditivos irregulares, injustificados ou não celebrados"
Ausência de relatório de qualidade dos serviços medidos nos processos de medições,Outras irregularidades na execução do contrato
"Sobrepreço - Sobrepreço decorrente de preços excessivos frente ao mercado (serviços, insumos e encargos).",Sobrepreço
"Projeto básico/executivo deficiente ou inexistente - Existência de preços inexeqüíveis (simbólicos, irrisórios ou de valor zero) no orçamento do Edital / Contrato / Aditivo.",Metodologia inadequada para definição do orçamento do objeto
Projeto básico deficiente ou desatualizado.,"Projeto inexistente, deficiente ou desatualizado"
Sobrepreço no item Administração Local,Irregularidades na fase de proposição
Execução de serviços com qualidade deficiente.,Objeto entregue com qualidade deficiente ou em desacordo com o licitado e com a legislação
Aditivo contratual objetivando revisão de preços e alteração da data-base do contrato sem amparo legal.,"Aditivos irregulares, injustificados ou não celebrados"
Projeto básico deficiente ou desatualizado.,"Projeto inexistente, deficiente ou desatualizado"
Superfaturamento decorrente de pagamento por serviço não executado,Superfaturamento
Restrição à competitividade da licitação decorrente de critérios inadequados de habilitação e julgamento.,Restrição à competitividade do certame
Sobrepreço decorrente de preços excessivos frente ao mercado.,Sobrepreço
Orçamento do Edital / Contrato / Aditivo incompleto ou inadequado.,Falha na composição dos custos expressos na planilha orçamentária
Morosidade na utilização dos recursos federais do SUS destinados à aquisição de equipamentos e material permanente para o Hospital de Emergência e Trauma Senador Humberto Lucena. ,Gestão temerária
Adoção de regime de execução contratual inadequado ou antieconômico,"Adoção de tipo, regime ou modalidade de licitação indevidos"
Adoção de regime de execução contratual inadequado,"Adoção de tipo, regime ou modalidade de licitação indevidos"
Sobrepreço decorrente de preços excessivos frente ao mercado.,Sobrepreço
Sobrepreço decorrente de preços excessivos frente ao mercado.,Sobrepreço
Superfaturamento decorrente de BDI excessivo.,Superfaturamento
Obra de grande vulto não constitui projeto orçamentário específico no nível de título.,Dotação orçamentária incompatível com a execução do objeto
Impropriedades no processo licitatório - Cláusulas contratuais em desacordo com os preceitos da Lei 8.666/93.,Cláusulas essenciais imprecisas ou ausentes
Pagamento por serviços não realizados.,Objeto entregue com qualidade deficiente ou em desacordo com o licitado e com a legislação
Fiscalização ou supervisão deficiente ou omissa.,Fiscalização contratual inexistente ou deficiente
"Sobrepreço - Sobrepreço decorrente de preços excessivos frente ao mercado (serviços, insumos e encargos).",Sobrepreço
Obras realizadas em terrenos não desapropriados (caracterização de esbulho pela Administração Pública).,Processo de desapropriação inexistente ou deficiente
Ausência de ART do responsável pela execução da obra.,Outras irregularidades na execução do contrato
"Ausência, insuficiência ou previsão ilimitada de recursos orçamentários para a execução da obra no ano.",Dotação orçamentária incompatível com a execução do objeto
"Descumprimento do prazo para entrega, análise ou aprovação do projeto executivo apresentado pela contratada no RDC  Contratação Integrada.",Descumprimento do cronograma físico-financeiro do objeto
Execução de serviços com qualidade deficiente.,Objeto entregue com qualidade deficiente ou em desacordo com o licitado e com a legislação
Superfaturamento em razão de medição e pagamento de projeto executivo deficiente.,"Projeto inexistente, deficiente ou desatualizado"
Sobrepreço - Sobrepreço decorrente de BDI excessivo.,Sobrepreço
Ausência/deficiência de pesquisas e dados técnicos comprovados acerca da escolha dos veículos utilizados para a veiculação das campanhas/ações de comunicação.,Outras irregularidades na execução do contrato
"Alteração indevida do regime de execução, em desconformidade com os requisitos legais.","Aditivos irregulares, injustificados ou não celebrados"
Sobrepreço decorrente de preços excessivos frente ao mercado.,Sobrepreço
Fiscalização ou supervisão deficiente ou omissa.,Fiscalização contratual inexistente ou deficiente
Perdas econômicas e sociais em face da não execução concomitante de serviços essenciais à funcionalidade da obra.,Ausência de efetividade da obra
Projeto executivo deficiente,"Projeto inexistente, deficiente ou desatualizado"
Inadequação ou inexistência dos critérios de aceitabilidade de preços unitário e global.,Irregularidades na elaboração do ato convocatório
Ausência de autorização para intervenção na via férrea,Irregularidades na formalização do convênio
Sobrepreço decorrente de preços excessivos frente ao mercado.,Sobrepreço
Cronograma de desembolso (físico-financeiro) incompatível com a execução física dos serviços.,Descumprimento do cronograma físico-financeiro do objeto
Inclusão inadequada de itens na composição do BDI.,Falha na composição dos custos expressos na planilha orçamentária
Projeto básico deficiente ou desatualizado.,"Projeto inexistente, deficiente ou desatualizado"
Ausência de ART do projeto básico.,Ausência de ART do projeto
Orçamento do Edital / Contrato / Aditivo incompleto ou inadequado.,Falha na composição dos custos expressos na planilha orçamentária
Fiscalização ou supervisão deficiente ou omissa.,Fiscalização contratual inexistente ou deficiente
Ocorrência de direcionamento de licitação,Direcionamento da licitação ou licitação montada
Fiscalização ou supervisão deficiente ou omissa.,Fiscalização contratual inexistente ou deficiente
Deficiência na alimentação de dados do convênio no Siconv,"Ausência e/ou deficiência de publicidade, de transparência e de registros no SICONV"
UNA - 8.A - Sucateamento da frota municipal utilizada no transporte escolar.,Objeto entregue com qualidade deficiente ou em desacordo com o licitado e com a legislação
Sobrepreço decorrente de preços excessivos frente ao mercado.,Sobrepreço
Ausência de licenças ambientais de âmbito estadual e local.,"Ausência de licenças e autorizações necessárias à licitação, contratação, execução da obra ou funcionamento do empreendimento"
Restrição à competitividade da licitação decorrente de critérios inadequados de habilitação e julgamento.,Restrição à competitividade do certame
"Ausência, no edital, de critério de aceitabilidade de preços máximos - Inadequação ou inexistência dos critérios de aceitabilidade de preços unitário e global.",Irregularidades na elaboração do ato convocatório
Orçamento do Edital / Contrato / Aditivo incompleto ou inadequado.,Falha na composição dos custos expressos na planilha orçamentária
Alteração injustificada de quantitativos.,"Aditivos irregulares, injustificados ou não celebrados"
Acréscimos ou supressões em percentual superior ao legalmente permitido.,"Aditivos irregulares, injustificados ou não celebrados"
Inexistência de critérios de reajustamento de preços no contrato firmado.,Cláusulas essenciais imprecisas ou ausentes
Inclusão inadequada de itens na composição do BDI.,Falha na composição dos custos expressos na planilha orçamentária
Contratação irregular por dispensa ou inexigibilidade.,Contratação direta indevida ou não justificada
Atrasos na operação comercial das usinas devido a atos de gestão ruinosa ,Descumprimento do cronograma físico-financeiro do objeto
Restrição à competitividade da licitação decorrente de critérios inadequados de habilitação e julgamento.,Restrição à competitividade do certame
Falhas relativas à publicidade do edital de licitação.,Irregularidades na condução do procedimento licitatório
Atrasos decorrentes de insuficiência de recursos financeiros para a quitação dos compromissos assumidos.,Descumprimento do cronograma físico-financeiro do objeto
Contratação direta de serviços pela FDMS sem prévio procedimento de seleção pública de fornecedores,Irregularidades na execução do convênio
Movimentação anormal de recursos da conta vinculada e saques ou débitos para atender despesas não vinculadas à execução do objeto de contratos de repasse,Deficiência ou ausência do acompanhamento e fiscalização pelo órgão concedente
Dimensionamento inadequado da equipe de fiscalização.,Fiscalização contratual inexistente ou deficiente
Inobservância do princípio da vinculação ao instrumento convocatório,Irregularidades na habilitação e qualificação da licitante
"Inexistência de EIA/RIMA, embora necessários à obra.","Ausência de licenças e autorizações necessárias à licitação, contratação, execução da obra ou funcionamento do empreendimento"
Classificação indevida do objeto do contrato como serviço de natureza continuada.,Irregularidades na condução do procedimento licitatório
Quantitativos inadequados na planilha orçamentária.,"Projeto inexistente, deficiente ou desatualizado"
Inclusão de parcela referente ao IRPJ e CSLL na composição do BDI ou na planilha de custo direto.,Falha na composição dos custos expressos na planilha orçamentária
Ausência de controle da qualidade dos materiais empregados na obra.,Fiscalização contratual inexistente ou deficiente
Projeto básico deficiente ou desatualizado.,"Projeto inexistente, deficiente ou desatualizado"
Falta de publicidade devida ao contrato/aditivo.,"Ausência de formalização, publicidade e/ou transparência do contrato"
Execução de serviços com qualidade deficiente.,Objeto entregue com qualidade deficiente ou em desacordo com o licitado e com a legislação
Fiscalização deficiente da execução do convênio.,Deficiência ou ausência do acompanhamento e fiscalização pelo órgão concedente
Projeto executivo deficiente ou desatualizado.,"Projeto inexistente, deficiente ou desatualizado"
Sobrepreço decorrente de preços excessivos frente ao mercado.,Sobrepreço
Orçamento do Edital / Contrato / Aditivo incompleto ou inadequado.,Falha na composição dos custos expressos na planilha orçamentária
Licitação sem projeto básico ou com projeto básico sem aprovação pela autoridade competente.,"Projeto inexistente, deficiente ou desatualizado"
Projeto básico deficiente ou desatualizado.,"Projeto inexistente, deficiente ou desatualizado"
"Eventual existência de outros fornecedores do objeto sob análise, questionando-se, assim, a adoção de inexigibilidade, cujo extrato foi publicado no Diário Oficial da União (itens 3.1.10 e 3.1.11 do relatório de acompanhamento)",Restrição à competitividade do certame
"Publicação do edital com antecedência inferior a trinta dias da realização da primeira prova, salvo a existência de ato motivado.",Irregularidades na elaboração do ato convocatório
Falta de indicação de prazo para entrega dos medicamentos  ,Cláusulas essenciais imprecisas ou ausentes
Restrição à competitividade da licitação decorrente de critérios inadequados de habilitação e julgamento.,Restrição à competitividade do certame
O orçamento que compõe o Edital da Concorrência Pública 03/2009 não é acompanhado das composições de todos os custos unitários.,Falha na composição dos custos expressos na planilha orçamentária
Avanço desproporcional das etapas de serviço.,Descumprimento do cronograma físico-financeiro do objeto
Projeto básico deficiente ou desatualizado.,"Projeto inexistente, deficiente ou desatualizado"
Sobrepreço decorrente de preços excessivos frente ao mercado.,Sobrepreço
Projeto básico deficiente ou desatualizado.,"Projeto inexistente, deficiente ou desatualizado"
Fiscalização ou supervisão deficiente ou omissa.,Fiscalização contratual inexistente ou deficiente
Existência de preços diferentes para o mesmo serviço.,Falha na composição dos custos expressos na planilha orçamentária
Descompasso entre o pagamento de Administração Local e o andamento físico da obra.,Liquidação e/ou pagamento irregular da despesa
A obra paralisada está sendo deteriorada por intempéries,Atraso ou paralisação da obra por ação ou omissão do gestor
Superfaturamento decorrente de preços excessivos frente ao mercado.,Superfaturamento
Superfaturamento decorrente de quantitativo inadequado e preços manifestamente superiores à média praticada pelo mercado ou incompatíveis com os fixados pelos órgãos oficiais competentes.,Superfaturamento
Inclusão inadequada de itens na composição do BDI.,Falha na composição dos custos expressos na planilha orçamentária
Projeto executivo deficiente ou desatualizado.,"Projeto inexistente, deficiente ou desatualizado"
Ausência de licenciamento ambiental,Outras irregularidades na execução do contrato
Restrição à competitividade da licitação decorrente de critérios inadequados de habilitação e julgamento.,Restrição à competitividade do certame
Subcontratação irregular.,Subcontratação ou subrrogação irregular
"Ausência de parcelamento do objeto, embora técnica e economicamente recomendável.",Restrição à competitividade do certame
Deficiência na fiscalização/supervisão da obra - Fiscalização e/ou supervisão deficiente ou omissa.,Fiscalização contratual inexistente ou deficiente
Existência de atrasos na liberação dos recursos pelo Ministério das Cidades,Descumprimento do cronograma físico-financeiro do objeto
Adiantamento de pagamentos.,Liquidação e/ou pagamento irregular da despesa
Termo aditivo desacompanhado de discriminação dos serviços/quantidades adicionados.,"Aditivos irregulares, injustificados ou não celebrados"
Existência de atrasos injustificáveis nas obras e serviços.,Descumprimento do cronograma físico-financeiro do objeto
Sobrepreço decorrente de itens considerados em duplicidade.,Sobrepreço
Acréscimos ou supressões em percentual superior ao legalmente permitido.,"Aditivos irregulares, injustificados ou não celebrados"
Projeto básico deficiente ou desatualizado.,"Projeto inexistente, deficiente ou desatualizado"
Fiscalização ou supervisão deficiente ou omissa.,Fiscalização contratual inexistente ou deficiente
Concepção do empreendimento não considerou e/ou não planejou adequadamente as obras/serviços complementares,Ausência de efetividade da obra
Execução de serviços com qualidade deficiente.,Objeto entregue com qualidade deficiente ou em desacordo com o licitado e com a legislação
Projeto básico deficiente ou desatualizado.,"Projeto inexistente, deficiente ou desatualizado"
Ausência ou inadequação de providências para retomar obra paralisada.,Atraso ou paralisação da obra por ação ou omissão do gestor
Restrição ao caráter competitivo da licitação - Processo licitatório irregular em decorrência da participação do autor no certame licitatório.,Irregularidades na condução do procedimento licitatório
Inadequação ou inexistência dos critérios de aceitabilidade de preços unitário e global.,Irregularidades na elaboração do ato convocatório
Atraso na execução das obras do Lote 3.1 da Complementação da Linha Verde Norte.,Descumprimento do cronograma físico-financeiro do objeto
Sobrepreço decorrente de itens considerados em duplicidade.,Sobrepreço
Sobrepreço decorrente de itens considerados em duplicidade.,Sobrepreço
Aceite dos Trabalhos Iniciais sem o atendimento dos parâmetros de desempenho contratuais,Outras irregularidades na execução do contrato
Orçamento do Edital / Contrato / Aditivo incompleto ou inadequado.,Falha na composição dos custos expressos na planilha orçamentária
Obras realizadas em terrenos não desapropriados.,Processo de desapropriação inexistente ou deficiente
Descumprimento de determinação exarada pelo TCU.,Descumprimento de determinação do TCU
Sobrepreço decorrente de preços excessivos frente ao mercado.,Sobrepreço
Ausência de assinatura de termo aditivo quando ocorreu alteração das condições inicialmente pactuadas.,"Aditivos irregulares, injustificados ou não celebrados"
Projeto básico deficiente ou desatualizado.,"Projeto inexistente, deficiente ou desatualizado"
Superfaturamento decorrente de preços excessivos frente ao mercado.,Superfaturamento
Sobrepreço decorrente de preços excessivos frente ao mercado.,Sobrepreço
Impropriedades no processo licitatório - O contrato não estabelece com clareza e precisão as condições de sua execução.,Cláusulas essenciais imprecisas ou ausentes
Desequilíbrio econômico-financeiro decorrente da não aplicação dos descontos tarifários contratuais,Descumprimento do cronograma físico-financeiro do objeto
Superfaturamento decorrente de quantitativo inadequado.,Superfaturamento
Contratação de empresa sem estrutura suficiente para a execução do objeto contratado.,Objeto entregue com qualidade deficiente ou em desacordo com o licitado e com a legislação
Projeto básico/executivo deficiente ou inexistente - Deficiência do projeto básico ou projeto básico desatualizado.,"Projeto inexistente, deficiente ou desatualizado"
Gestão temerária de empreendimento.,Gestão temerária
Desequilíbrio econômico-financeiro do contrato de supervisão ante o descompasso entre a execução físico-financeira do contrato de execução e do contrato de supervisão.,Descumprimento do cronograma físico-financeiro do objeto
Projeto básico deficiente e desatualizado.,"Projeto inexistente, deficiente ou desatualizado"
Inadequação das providências adotadas pela Administração para sanar interferências que possam provocar o atraso da obra.,Atraso ou paralisação da obra por ação ou omissão do gestor
Descumprimento de determinação exarada pelo TCU.,Descumprimento de determinação do TCU
Inviabilidade econômico-financeira decorrente de alterações do custo total do empreendimento.,Inviabilidade do projeto
Liquidação irregular da despesa.,Liquidação e/ou pagamento irregular da despesa
Existência de atrasos que podem comprometer o prazo de entrega do empreendimento.,Descumprimento do cronograma físico-financeiro do objeto
Estimativa do custo total de investimento deficiente.,Ausência de estudos capazes de comprovar a viabilidade do projeto
Licitação realizada sem contemplar os requisitos mínimos exigidos pela Lei 8.666/93.,Irregularidades na condução do procedimento licitatório
Projeto executivo deficiente ou desatualizado.,"Projeto inexistente, deficiente ou desatualizado"
Superfaturamento decorrente de quantitativo inadequado.,Superfaturamento
Projeto básico deficiente ou desatualizado.,"Projeto inexistente, deficiente ou desatualizado"
Restrição à competitividade da licitação decorrente de critérios inadequados de habilitação e julgamento.,Restrição à competitividade do certame
"Formalização de termo aditivo objetivando o reequilíbrio econômico-financeiro do contrato, fora das hipóteses legais.","Aditivos irregulares, injustificados ou não celebrados"
Ocorrência de superfaturamento na construção das creches.,Superfaturamento
Deficiência na apresentação das informações constantes da planilha orçamentária do Edital / Contrato / Aditivo.,Falha na composição dos custos expressos na planilha orçamentária
Ausência de termo aditivo formalizando alterações das condições inicialmente pactuadas.,"Aditivos irregulares, injustificados ou não celebrados"
Licitação realizada sem contemplar os requisitos mínimos exigidos pela Lei 8.666/93.,Irregularidades na condução do procedimento licitatório
Profissionais contratados com jornadas de trabalho de outros empregos incompatíveis com suas contratações junto às ONG conveniadas.,Irregularidades na execução do convênio
Orçamento do Edital / Contrato / Aditivo incompleto ou inadequado.,Falha na composição dos custos expressos na planilha orçamentária
Projeto básico deficiente ou desatualizado.,"Projeto inexistente, deficiente ou desatualizado"
"A Brita aplicada no Lastro Ferroviário não atende as especificações técnicas da Valec, ABNT e AREMA, por Vício do produto ou serviço executado.",Objeto entregue com qualidade deficiente ou em desacordo com o licitado e com a legislação
Execução de serviços com qualidade deficiente.,Objeto entregue com qualidade deficiente ou em desacordo com o licitado e com a legislação
Descumprimento do item 9.4.2 do Acórdão 93/2013-TCU-Plenário em relação ao lote 6,Outras irregularidades na execução do contrato
Sobrepreço decorrente de preços excessivos frente ao mercado.,Sobrepreço
Superfaturamento decorrente de preços excessivos frente ao mercado.,Superfaturamento
Duplicidade na contratação/Licitação de serviços,Irregularidades na habilitação e qualificação da licitante
Discrepâncias entre os quantitativos dos serviços executados e os consignados em boletins de medição,Irregularidades na execução do convênio
Inadequação das providências adotadas pela Administração para sanar interferências que possam provocar o atraso da obra.,Atraso ou paralisação da obra por ação ou omissão do gestor
Inadequação das providências adotadas pela Administração para sanar interferências que possam provocar o atraso da obra.,Atraso ou paralisação da obra por ação ou omissão do gestor
Não comprovação da execução dos serviços contratados.,Liquidação e/ou pagamento irregular da despesa
Projeto executivo deficiente,"Projeto inexistente, deficiente ou desatualizado"
Fiscalização ou supervisão deficiente ou omissa.,Fiscalização contratual inexistente ou deficiente
Descumprimento de determinação exarada pelo TCU.,Descumprimento de determinação do TCU
Restrição à competitividade da licitação decorrente de critérios inadequados de habilitação e julgamento.,Restrição à competitividade do certame
"A.1.2 Não aplicação dos recursos, enquanto não utilizados, ou aplicação em desacordo com a legislação",Irregularidades na execução do convênio
Critério de reajuste inexistente ou inadequado.,Cláusulas essenciais imprecisas ou ausentes
Superfaturamento decorrente de itens pagos em duplicidade.,Superfaturamento
Projeto básico/executivo deficiente ou inexistente - O orçamento não é acompanhado das composições de todos os custos unitários de seus serviços no Edital / Contrato / Aditivo,Falha na composição dos custos expressos na planilha orçamentária
A.2.2 -  Objeto especificado de modo a direcionar a licitação ou restringir o caráter competitivo do certame,Restrição à competitividade do certame
Ausência de termo aditivo formalizando alterações das condições inicialmente pactuadas.,"Aditivos irregulares, injustificados ou não celebrados"
Projeto básico deficiente ou desatualizado.,"Projeto inexistente, deficiente ou desatualizado"
Quantitativos inadequados na planilha orçamentária.,"Projeto inexistente, deficiente ou desatualizado"
Liquidação irregular da despesa.,Liquidação e/ou pagamento irregular da despesa
III.3. Ausência de termo aditivo para formalizar alterações e/ou para corrigir fatos novos e irregularidades no objeto a ser executado.,"Aditivos irregulares, injustificados ou não celebrados"
Ausência de cadastramento de contrato ou convênio no SIASG - Contrato não cadastrado no SIASG.,"Ausência de formalização, publicidade e/ou transparência do contrato"
Restrição à competitividade da licitação decorrente de critérios inadequados de habilitação e julgamento.,Restrição à competitividade do certame
Cláusulas contratuais em desacordo com os preceitos da Lei 8.666/93.,Cláusulas essenciais imprecisas ou ausentes
Projeto executivo sem aprovação pela autoridade competente.,Ausência de aprovação do projeto pela autoridade competente
Fiscalização deficiente da execução do convênio.,Deficiência ou ausência do acompanhamento e fiscalização pelo órgão concedente
Superfaturamento decorrente de quantitativo inadequado.,Superfaturamento
Omissão da fiscalização da CAIXA na detecção e solução dos problemas verificados na execução da obra,Deficiência ou ausência do acompanhamento e fiscalização pelo órgão concedente
Superfaturamento decorrente de preços excessivos frente ao mercado.,Superfaturamento
Irregularidades na execução financeira dos recursos destinados ao transporte escolar.,Liquidação e/ou pagamento irregular da despesa
Superfaturamento decorrente de quantitativo inadequado.,Superfaturamento
Projeto básico deficiente ou desatualizado.,"Projeto inexistente, deficiente ou desatualizado"
"Há contratos do tipo ""guarda-chuva"", com objeto amplo ou não definido.",Cláusulas essenciais imprecisas ou ausentes
Sobrepreço decorrente de jogo de planilha.,Sobrepreço
Superfaturamento decorrente de quantitativo inadequado.,Superfaturamento
Obra de grande vulto utiliza dotações consignadas em outro crédito orçamentário.,Dotação orçamentária incompatível com a execução do objeto
Restrição à competitividade da licitação decorrente de adoção indevida de pré-qualificação e de critérios inadequados de habilitação e julgamento.,Restrição à competitividade do certame
Projeto básico deficiente ou desatualizado.,"Projeto inexistente, deficiente ou desatualizado"
Devolução de saldo de recursos menor que o devido,Ausência ou inadequação das prestações de contas do convênio
Itens instalação/manutenção de canteiros e mobilização/desmobilização não se encontram detalhados no custo direto da obra.,Falha na composição dos custos expressos na planilha orçamentária
Obra em andamento com Licença Prévia ou de Instalação vencidas.,"Ausência de licenças e autorizações necessárias à licitação, contratação, execução da obra ou funcionamento do empreendimento"
Restrição à competitividade da licitação decorrente de critérios inadequados de habilitação.,Restrição à competitividade do certame
Projeto executivo deficiente ou desatualizado.,"Projeto inexistente, deficiente ou desatualizado"
Critério de reajuste inexistente ou inadequado.,Cláusulas essenciais imprecisas ou ausentes
Existência de atrasos injustificados nas obras e serviços.,Descumprimento do cronograma físico-financeiro do objeto
Fiscalização inadequada da obra.,Fiscalização contratual inexistente ou deficiente
Descumprimento de determinação exarada pelo TCU.,Descumprimento de determinação do TCU
Fiscalização ou supervisão deficiente ou omissa.,Fiscalização contratual inexistente ou deficiente
Adoção de inadequada modalidade de licitação,Restrição à competitividade do certame
Sobrepreço decorrente de quantitativo inadequado.,Sobrepreço
Execução de serviços com qualidade deficiente.,Objeto entregue com qualidade deficiente ou em desacordo com o licitado e com a legislação
Julgamento ou classificação das propostas em desacordo com os critérios do edital ou da legislação.,Julgamento em desconformidade com o edital e com a legislação (habilitação e propostas)
Falta de publicidade devida ao contrato/aditivo.,"Ausência de formalização, publicidade e/ou transparência do contrato"
Liquidação irregular da despesa.,Liquidação e/ou pagamento irregular da despesa
Ausência de ART do projeto básico.,Ausência de ART do projeto
Superfaturamento decorrente de quantitativo inadequado.,Superfaturamento
Inconsistências no orçamento-base da licitação,Falha na composição dos custos expressos na planilha orçamentária
Demais falhas na execução do convênio,Irregularidades na execução do convênio
324/2016 - Estimativa inadequada de preços,Irregularidades na elaboração do ato convocatório
Objeto do convênio/edital/contrato sem funcionalidade própria.,Inviabilidade do projeto
Transferência de recurso de fonte diversa da pactuada e sem comprovar o seu uso em pagamentos correlatos ao projeto ,Descumprimento do cronograma físico-financeiro do objeto
Licitação realizada sem contemplar os requisitos mínimos exigidos pela Lei 8.666/93.,Irregularidades na condução do procedimento licitatório
Execução de serviços com qualidade deficiente.,Objeto entregue com qualidade deficiente ou em desacordo com o licitado e com a legislação
Critério de medição inadequado ou incompatível com o objeto real pretendido.,Cláusulas essenciais imprecisas ou ausentes
Descumprimento de determinação exarada pelo TCU.,Descumprimento de determinação do TCU
Obra de grande vulto não constitui projeto orçamentário específico no nível de título.,Dotação orçamentária incompatível com a execução do objeto
O contrato não é escrito em língua portuguesa.,"Ausência de formalização, publicidade e/ou transparência do contrato"
Existência de atrasos que podem comprometer o prazo de entrega do empreendimento.,Descumprimento do cronograma físico-financeiro do objeto
Projeto básico deficiente ou desatualizado.,"Projeto inexistente, deficiente ou desatualizado"
O complexo regulador municipal não exerce o seu papel na administração das vagas do Hospital de Cirurgia relativas ao Contrato 123/2015.,Outras irregularidades na execução do contrato
Projeto executivo deficiente ou desatualizado.,"Projeto inexistente, deficiente ou desatualizado"
BELMONTE - A.10.2 - Ausência ou deficiência no controle sobre os serviços de transporte escolar exercido pelo CAC/FUNDEB.,Fiscalização contratual inexistente ou deficiente
Sobrepreço decorrente de quantitativo inadequado.,Sobrepreço
Projeto básico deficiente ou desatualizado.,"Projeto inexistente, deficiente ou desatualizado"
Execução de serviços com qualidade deficiente.,Objeto entregue com qualidade deficiente ou em desacordo com o licitado e com a legislação
Projeto básico/executivo deficiente ou inexistente - Ausência de ART do projeto executivo.,Ausência de ART do projeto
Pagamento do item desmobilização em desconformidade com os critérios contratuais.,Liquidação e/ou pagamento irregular da despesa
Existência de atrasos injustificáveis nas obras e serviços.,Descumprimento do cronograma físico-financeiro do objeto
Impropriedades na execução do convênio,Irregularidades na execução do convênio
Critério de medição inadequado ou incompatível com o objeto real pretendido.,Cláusulas essenciais imprecisas ou ausentes
Execução de serviços com qualidade deficiente.,Objeto entregue com qualidade deficiente ou em desacordo com o licitado e com a legislação
Adoção de metodologia e/ou de parâmetros econômicos inadequados para a definição da viabilidade econômico-financeira do empreendimento.,Ausência de estudos capazes de comprovar a viabilidade do projeto
Sobrepreço decorrente de preços excessivos frente ao mercado.,Sobrepreço
Adoção de regime de execução contratual inadequado ou antieconômico,"Adoção de tipo, regime ou modalidade de licitação indevidos"
Quantitativos inadequados na planilha orçamentária.,"Projeto inexistente, deficiente ou desatualizado"
"Sobrepreço - Sobrepreço decorrente de preços excessivos frente ao mercado (serviços, insumos e encargos).",Sobrepreço
Adoção de regime de execução contratual inadequado ou antieconômico,"Adoção de tipo, regime ou modalidade de licitação indevidos"
Superfaturamento decorrente de pagamento por serviço não executado.,Superfaturamento
A.1.1 - Superfaturamento por sobrepreço na aquisição de medicamentos,Superfaturamento
Projeto Básico deficiente (Auditoria de 2010),"Projeto inexistente, deficiente ou desatualizado"
Liberação de recursos financeiros de convênios posteriormente à realização dos objetos,Deficiência ou ausência do acompanhamento e fiscalização pelo órgão concedente
Impropriedades na execução do convênio,Irregularidades na execução do convênio
Projeto básico deficiente ou desatualizado.,"Projeto inexistente, deficiente ou desatualizado"
Obra de grande vulto não constitui projeto orçamentário específico no nível de título.,Dotação orçamentária incompatível com a execução do objeto
Sobrepreço decorrente de itens considerados em duplicidade.,Sobrepreço
O Plano de Trabalho apresentado pelo Convenente não contém todos os requisitos exigidos pela legislação em vigor.,Irregularidades na fase de proposição
Ausência de Devolução integral do Saldo Remanescente,Ausência ou inadequação das prestações de contas do convênio
Deficiência na apresentação das informações constantes da planilha orçamentária do Edital / Contrato / Aditivo.,Falha na composição dos custos expressos na planilha orçamentária
"Alteração indevida do regime de execução, em desconformidade com os requisitos legais.","Aditivos irregulares, injustificados ou não celebrados"
Ausência de termo aditivo formalizando alterações das condições inicialmente pactuadas.,"Aditivos irregulares, injustificados ou não celebrados"
Quantitativos inadequados na planilha orçamentária.,"Projeto inexistente, deficiente ou desatualizado"
Publicação incompleta do extrato do Contrato de Gestão,"Ausência e/ou deficiência de publicidade, de transparência e de registros no SICONV"
Projeto executivo deficiente ou desatualizado.,"Projeto inexistente, deficiente ou desatualizado"
Restrição à competitividade da licitação decorrente de critérios inadequados de habilitação e julgamento.,Restrição à competitividade do certame
Orçamento do Edital / Contrato / Aditivo incompleto ou inadequado.,Falha na composição dos custos expressos na planilha orçamentária
"Descumprimento dos itens 9.1.1.2, 9.1.1.3 e 9.2.1.3 do Acórdão 5663/2015 - 2C.",Descumprimento de determinação do TCU
Superfaturamento decorrente de preços excessivos frente ao mercado.,Superfaturamento
A.4.1 - Critérios de habilitação com injustificada/ilegal restrição ao caráter competitivo,Julgamento em desconformidade com o edital e com a legislação (habilitação e propostas)
Ausência de termo aditivo formalizando alterações das condições inicialmente pactuadas.,"Aditivos irregulares, injustificados ou não celebrados"
Descumprimento de cláusulas contratuais.,Outras irregularidades na execução do contrato
Gestão temerária de empreendimento.,Gestão temerária
Projeto básico/executivo sub ou superdimensionado.,"Projeto inexistente, deficiente ou desatualizado"
Superfaturamento por pagamento indevido de despesas relativas a atraso na execução da obra.,Superfaturamento
"Ausência de demonstração da regularidade fiscal, trabalhista, previdenciária e para com o FGTS das empresas contratadas nos processos de liquidação de despesas",Outras irregularidades na execução do contrato
"Ausência, insuficiência ou previsão limitada de recursos orçamentários para a execução da obra no ano.",Dotação orçamentária incompatível com a execução do objeto
Sobrepreço decorrente de quantitativo inadequado.,Sobrepreço
Sobrepreço decorrente de preços excessivos frente ao mercado.,Sobrepreço
Projeto básico/executivo deficiente ou inexistente - Deficiência do projeto básico ou projeto básico desatualizado.,"Projeto inexistente, deficiente ou desatualizado"
"Superfaturamento - Superfaturamento decorrente de preços excessivos frente ao mercado (serviços, insumos e encargos).",Superfaturamento
Utilização de métodos construtivos não homologados e/ou previstos em normas técnicas.,Objeto entregue com qualidade deficiente ou em desacordo com o licitado e com a legislação
Execução de serviços com qualidade deficiente.,Objeto entregue com qualidade deficiente ou em desacordo com o licitado e com a legislação
Designação de empregado terceirizado para a função de pregoeiro da licitação.,Irregularidades na condução do procedimento licitatório
Ausência de prioridade na execução contratual nos trechos críticos,"Projeto inexistente, deficiente ou desatualizado"
Implantação do empreendimento sem obtenção de todas as licenças e autorizações emitidas pelos órgãos competentes.,"Ausência de licenças e autorizações necessárias à licitação, contratação, execução da obra ou funcionamento do empreendimento"
Carência de medidas adequadas diante da rescisão do contrato 55/2010.,Ausência de condições adequadas de segurança das obras/rodovias
Superfaturamento por pagamento indevido de despesas relativas a atraso na execução da obra.,Superfaturamento
Ausência de  informações no Siconv.,"Ausência e/ou deficiência de publicidade, de transparência e de registros no SICONV"
Restrição à competitividade da licitação decorrente de critérios inadequados de habilitação e julgamento.,Restrição à competitividade do certame
Acréscimos ou supressões em percentual superior ao legalmente permitido.,"Aditivos irregulares, injustificados ou não celebrados"
Restrição à competitividade da licitação decorrente de critérios inadequados de habilitação e julgamento.,Restrição à competitividade do certame
Contratação única de garantia para a execução da obra e para a operação.,Outras irregularidades na execução do contrato
UNA - A.6 - Falta de controle na prestação dos serviços do transporte escolar.,Outras irregularidades na execução do contrato
"Formalização de termo aditivo objetivando o reequilíbrio econômico-financeiro do contrato, fora das hipóteses legais.","Aditivos irregulares, injustificados ou não celebrados"
Contratação irregular por dispensa ou inexigibilidade.,Contratação direta indevida ou não justificada
Restrição à competitividade da licitação decorrente de critérios inadequados de habilitação e julgamento.,Restrição à competitividade do certame
Deficiência na apresentação das informações constantes da planilha orçamentária do Edital / Contrato / Aditivo.,Falha na composição dos custos expressos na planilha orçamentária
214/2013 - Deficiência nos mecanismos para controlar a execução contratual.,Cláusulas essenciais imprecisas ou ausentes
Prorrogação do prazo contratual além do limite legal permitido,"Aditivos irregulares, injustificados ou não celebrados"
Inclusão de parcela referente ao IRPJ e CSLL no cálculo do LDI ou na planilha de custo direto.,Falha na composição dos custos expressos na planilha orçamentária
Restrição à competitividade da licitação decorrente de critérios inadequados de habilitação e julgamento.,Restrição à competitividade do certame
Deficiência na apresentação das informações constantes da planilha orçamentária do Edital / Contrato / Aditivo.,Falha na composição dos custos expressos na planilha orçamentária
Licitação de obras sem previsão orçamentária ou com previsão insuficiente ou ilimitada.,Dotação orçamentária incompatível com a execução do objeto
Paralisação indeterminada da obra,Atraso ou paralisação da obra por ação ou omissão do gestor
Ausência de diário de obras e de relatórios do fiscal responsável pelo empreendimento nos arquivos da prefeitura.,Fiscalização contratual inexistente ou deficiente
Licitação realizada sem contemplar os requisitos mínimos exigidos pela Lei 8.666/93.,Irregularidades na condução do procedimento licitatório
Execução de serviços com qualidade deficiente.,Objeto entregue com qualidade deficiente ou em desacordo com o licitado e com a legislação
Alteração injustificada de quantitativos.,"Aditivos irregulares, injustificados ou não celebrados"
Projeto básico deficiente ou desatualizado.,"Projeto inexistente, deficiente ou desatualizado"
"Ausência de priorização de trecho concentrador de acidentes, em desacordo com as premissas do anteprojeto e do edital de licitação",Outras irregularidades na execução do contrato
A.3.1 Superfaturamento por sobrepreço.,Superfaturamento
Inadequado processamento de impugnações e recursos interpostos em licitações,Julgamento em desconformidade com o edital e com a legislação (habilitação e propostas)
"Ausência de estudos de viabilidade técnica, econômica e ambiental",Ausência de estudos capazes de comprovar a viabilidade do projeto
Fiscalização ou supervisão deficiente ou omissa.,Fiscalização contratual inexistente ou deficiente
"Ausência de licitação autônoma para aquisição de equipamentos e/ou materiais, embora técnica e economicamente recomendável.",Restrição à competitividade do certame
Ausência de termo aditivo formalizando alterações das condições inicialmente pactuadas.,"Aditivos irregulares, injustificados ou não celebrados"
Critério de medição inadequado ou incompatível com o objeto real pretendido.,Cláusulas essenciais imprecisas ou ausentes
Projeto básico deficiente ou desatualizado.,"Projeto inexistente, deficiente ou desatualizado"
Inexistência de Termo de Recebimento Provisório do objeto contratado.,Objeto entregue com qualidade deficiente ou em desacordo com o licitado e com a legislação
Execução de serviços com qualidade deficiente.,Objeto entregue com qualidade deficiente ou em desacordo com o licitado e com a legislação
Orçamento do Edital / Contrato / Aditivo incompleto ou inadequado.,Falha na composição dos custos expressos na planilha orçamentária
Critério de reajuste inexistente ou inadequado.,Cláusulas essenciais imprecisas ou ausentes
Ausência de ART do projeto executivo.,Ausência de ART do projeto
Sobrepreço decorrente de preços excessivos frente ao mercado,Sobrepreço
Critério de medição inadequado ou incompatível com o objeto real pretendido.,Cláusulas essenciais imprecisas ou ausentes
Subcontratação irregular.,Subcontratação ou subrrogação irregular
Superfaturamento decorrente de preços excessivos frente ao mercado.,Superfaturamento
A.5.1 - Critérios de habilitação com injustificada/ilegal restrição ao caráter competitivo,Julgamento em desconformidade com o edital e com a legislação (habilitação e propostas)
Projeto básico deficiente ou desatualizado.,"Projeto inexistente, deficiente ou desatualizado"
BELMONTE - A.9 - Ausência ou deficiência no controle sobre os serviços de transporte escolar por parte da Administração Municipal.,Objeto entregue com qualidade deficiente ou em desacordo com o licitado e com a legislação
O orçamento não é acompanhado das composições de todos os custos unitários de seus serviços no Edital / Contrato / Aditivo.,Falha na composição dos custos expressos na planilha orçamentária
Fiscalização ou supervisão deficiente ou omissa.,Fiscalização contratual inexistente ou deficiente
"Sobrepreço - Sobrepreço decorrente de preços excessivos frente ao mercado (serviços, insumos e encargos).",Sobrepreço
Modalidade indevida de licitação.,"Adoção de tipo, regime ou modalidade de licitação indevidos"
Fragilidades e riscos na verificação dos parâmetros técnicos ,Fiscalização contratual inexistente ou deficiente
Veículo desgastado ou obsoleto.,Gestão temerária
Ocorreram atrasos que podem impactar sobre a segurança viária,Descumprimento do cronograma físico-financeiro do objeto
Sobrepreço decorrente de quantitativo inadequado.,Sobrepreço
Descumprimento parcial de cláusulas contratuais,Outras irregularidades na execução do contrato
Existência de atrasos injustificáveis nas obras e serviços.,Descumprimento do cronograma físico-financeiro do objeto
Ausência de cadastramento de contrato ou convênio no SIASG - Contrato não cadastrado no SIASG.,"Ausência de formalização, publicidade e/ou transparência do contrato"
Projeto básico/executivo sub ou superdimensionado.,"Projeto inexistente, deficiente ou desatualizado"
Inadequação ou inexistência dos critérios de aceitabilidade de preços unitário e global.,Irregularidades na elaboração do ato convocatório
Obras realizadas em terrenos não desapropriados (caracterização de esbulho pela Administração Pública).,Processo de desapropriação inexistente ou deficiente
Superfaturamento decorrente de itens pagos em duplicidade.,Superfaturamento
214/2013 - Possibilidade de restrição indevida de competição,Restrição à competitividade do certame
Restrição à competitividade da licitação decorrente de critérios inadequados de habilitação e julgamento.,Restrição à competitividade do certame
Termo aditivo assinado após o término da vigência do contrato.,"Aditivos irregulares, injustificados ou não celebrados"
Projeto básico deficiente ou desatualizado.,"Projeto inexistente, deficiente ou desatualizado"
Irregularidade graves concernentes ao aspecto ambiental - Obra iniciada sem Licença de Instalação.,"Ausência de licenças e autorizações necessárias à licitação, contratação, execução da obra ou funcionamento do empreendimento"
Projeto básico deficiente ou desatualizado.,"Projeto inexistente, deficiente ou desatualizado"
Inclusão inadequada de itens na composição do BDI.,Falha na composição dos custos expressos na planilha orçamentária
Inadequação das providências adotadas pela Administração para sanar interferências que possam provocar o atraso da obra.,Atraso ou paralisação da obra por ação ou omissão do gestor
Superfaturamento decorrente de quantitativo inadequado.,Superfaturamento
Orçamento do Edital / Contrato / Aditivo incompleto ou inadequado.,Falha na composição dos custos expressos na planilha orçamentária
O orçamento não é acompanhado das composições de todos os custos unitários de seus serviços no Edital / Contrato / Aditivo.,Falha na composição dos custos expressos na planilha orçamentária
Brita para lastro fornecida ao lote 4S da FNS é semelhante a brita anteriormente reprovada em ensaios e estornada por má qualidade,Objeto entregue com qualidade deficiente ou em desacordo com o licitado e com a legislação
"Irregularidade na repactuação do Contrato 22/2011, firmado entre o MDS e a empresa Works Construção e Serviços Ltda., tendo como objeto a prestação de serviços de suporte operacional especializado",Outras irregularidades na execução do contrato
Inadequação das providências adotadas pela Administração para sanar interferências que possam provocar o atraso da obra.,Atraso ou paralisação da obra por ação ou omissão do gestor
Restrição à competitividade da licitação decorrente de critérios inadequados de habilitação e julgamento.,Restrição à competitividade do certame
Critério de medição inadequado ou incompatível com o objeto real pretendido.,Cláusulas essenciais imprecisas ou ausentes
Sobrepreço decorrente de preços excessivos frente ao mercado.,Sobrepreço
Deficiência na apresentação das informações constantes da planilha orçamentária do Edital / Contrato / Aditivo.,Falha na composição dos custos expressos na planilha orçamentária
Existência de atrasos injustificáveis nas obras e serviços.,Descumprimento do cronograma físico-financeiro do objeto
Classificação indevida do objeto do contrato como serviço de natureza continuada.,Irregularidades na condução do procedimento licitatório
Superfaturamento decorrente de quantitativo inadequado.,Superfaturamento
Descumprimento de determinação exarada pelo TCU.,Descumprimento de determinação do TCU
Desequilíbrio econômico-financeiro do contrato de supervisão ante o descompasso entre a execução físico-financeira do contrato de execução e do contrato de supervisão.,Descumprimento do cronograma físico-financeiro do objeto
Prorrogação indevida de contrato emergencial,"Aditivos irregulares, injustificados ou não celebrados"
Falhas nos procedimentos de dispensa de licitação,Irregularidades na condução do procedimento licitatório
Inobservância dos requisitos legais e técnicos de acessibilidade de pessoas portadoras de deficiência ou com mobilidade reduzida.,"Projeto inexistente, deficiente ou desatualizado"
Sobrepreço decorrente de preços excessivos frente ao mercado.,Sobrepreço
Obra licitada sem Licença Prévia.,"Ausência de licenças e autorizações necessárias à licitação, contratação, execução da obra ou funcionamento do empreendimento"
"Sobrepreço - Sobrepreço decorrente de preços excessivos frente ao mercado (serviços, insumos e encargos).",Sobrepreço
Sobrepreço decorrente de quantitativo inadequado.,Sobrepreço
Execução de serviços com qualidade deficiente.,Objeto entregue com qualidade deficiente ou em desacordo com o licitado e com a legislação
Projeto executivo deficiente ou desatualizado.,"Projeto inexistente, deficiente ou desatualizado"
"O projeto, em suas diversas etapas, não aborda as questões relativas à segurança viária","Projeto inexistente, deficiente ou desatualizado"
Sobrepreço decorrente de preços excessivos frente ao mercado.,Sobrepreço
Ausência de cadastramento de contrato no SIASG.,"Ausência de formalização, publicidade e/ou transparência do contrato"
Projeto básico deficiente.,"Projeto inexistente, deficiente ou desatualizado"
"Há contratos do tipo ""guarda-chuva"", com objeto amplo ou não definido.",Cláusulas essenciais imprecisas ou ausentes
Deficiência na motivação apresentada pelos Concedentes para aprovar alteração de projeto solicitada pela Concessionária.,Ausência de estudos capazes de comprovar a viabilidade do projeto
Licitação sem projeto básico ou com projeto básico sem aprovação pela autoridade competente.,"Projeto inexistente, deficiente ou desatualizado"
Sobrepreço decorrente de preços excessivos frente ao mercado.,Sobrepreço
Licitação de obras sem previsão orçamentária ou com previsão insuficiente ou ilimitada.,Dotação orçamentária incompatível com a execução do objeto
Habilitação de licitante em contrariedade à lei e ao edital da licitação.,Julgamento em desconformidade com o edital e com a legislação (habilitação e propostas)
As cláusulas presentes no contrato assinado não estão de acordo com aquelas que foram apresentadas na minuta de contrato presente no edital de licitação.,Divergência entre o contrato e o ato convocatório
"Estimativas de quantidades de serviços constantes da planilha orçamentária superiores aos quantitativos definidos no projeto executivo da obra e Superfaturamento de quantidades, decorrente da medição de serviços em quantidades superiores àquelas previstas no projeto",Irregularidades na execução do convênio
Liquidação irregular da despesa.,Liquidação e/ou pagamento irregular da despesa
Superfaturamento decorrente de preços excessivos frente ao mercado.,Sobrepreço
A.2.4 - Ausência ou inadequação da pesquisa de preço,Metodologia inadequada para definição do orçamento do objeto
As condicionantes da Licença de Instalação não estão sendo atendidas.,"Ausência de licenças e autorizações necessárias à licitação, contratação, execução da obra ou funcionamento do empreendimento"
Sobrepreço decorrente de preços excessivos frente ao mercado.,Sobrepreço
Falta de exigência de garantia contratual.,Garantia contratual inexistente
Ausência de ART do responsável pela execução da obra.,Outras irregularidades na execução do contrato
Restrição à competitividade da licitação decorrente de critérios inadequados de habilitação e julgamento.,Restrição à competitividade do certame
Liquidação irregular da despesa.,Liquidação e/ou pagamento irregular da despesa
Sobrepreço do contrato em virtude dos preços pactuados serem além dos de mercado,Sobrepreço
O contrato não estabelece com clareza e precisão as condições de sua execução.,Cláusulas essenciais imprecisas ou ausentes
"Obra em andamento, embora incluída no quadro-bloqueio da LOA deste ano.",Gestão temerária
A obra paralisada está sendo deteriorada por intempéries ou por vandalismo.,Atraso ou paralisação da obra por ação ou omissão do gestor
Sobrepreço decorrente de preços excessivos frente ao mercado.,Sobrepreço
Superfaturamento decorrente de BDI excessivo.,Superfaturamento
Sobrepreço decorrente de quantitativo inadequado.,Sobrepreço
Ausência de termo aditivo formalizando alterações das condições inicialmente pactuadas.,"Aditivos irregulares, injustificados ou não celebrados"
Projeto básico deficiente ou desatualizado.,"Projeto inexistente, deficiente ou desatualizado"
Deficiências na elaboração do orçamento estimado da contratação,Metodologia inadequada para definição do orçamento do objeto
"Intempestividade na elaboração de justificativa da inviabilidade de utilização da forma eletrônica na realização dos Pregões Presenciais 15/2017 e 63/2018, no âmbito do Contrato de Repasse 840.202/2016.","Adoção de tipo, regime ou modalidade de licitação indevidos"
Deficiência na fiscalização/supervisão da obra - Fiscalização e/ou supervisão deficiente ou omissa.,Fiscalização contratual inexistente ou deficiente
Desgaste prematuro da pavimentação executada,Outras irregularidades na execução do contrato
Superfaturamento decorrente de quantitativo inadequado.,Superfaturamento
Restrição à competitividade da licitação decorrente de critérios inadequados de habilitação e julgamento.,Restrição à competitividade do certame
Inadequação ou inexistência dos critérios de aceitabilidade de preços unitário e global.,Irregularidades na elaboração do ato convocatório
Adiantamento de pagamentos.,Liquidação e/ou pagamento irregular da despesa
Projeto executivo deficiente ou desatualizado.,"Projeto inexistente, deficiente ou desatualizado"
Restrição à competitividade da licitação decorrente de critérios inadequados de habilitação e julgamento.,Restrição à competitividade do certame
Projeto básico deficiente ou desatualizado.,"Projeto inexistente, deficiente ou desatualizado"
Orçamento do Edital / Contrato / Aditivo incompleto ou inadequado.,Falha na composição dos custos expressos na planilha orçamentária
Projeto básico deficiente ou desatualizado.,"Projeto inexistente, deficiente ou desatualizado"
O Plano de Trabalho apresentado pelo Convenente não contém todos os requisitos exigidos pelo art. 2º da Instrução Normativa STN nº 1.,Irregularidades na fase de proposição
"Retenção/pagamento de tributos (contribuição previdenciária, IR, ISS, etc.) em desacordo com os percentuais previstos no BDI da contratada ou na legislação vigente.",Liquidação e/ou pagamento irregular da despesa
Processo licitatório irregular em decorrência da participação do autor no certame licitatório.,Irregularidades na condução do procedimento licitatório
Sobrepreço decorrente de quantitativo inadequado.,Sobrepreço
Sobrepreço decorrente de preços excessivos frente ao mercado.,Sobrepreço
Projeto básico deficiente ou desatualizado.,"Projeto inexistente, deficiente ou desatualizado"
Atrasos decorrentes de insuficiência de recursos financeiros para a quitação dos compromissos assumidos.,Descumprimento do cronograma físico-financeiro do objeto
Ausência de cadastramento de contrato no SIASG.,"Ausência de formalização, publicidade e/ou transparência do contrato"
Ausência de demonstração de que a definição das quantidades a serem adquiridas seguiu os parâmetros legais,Irregularidades na elaboração do ato convocatório
Estudos e projetos deficientes,"Projeto inexistente, deficiente ou desatualizado"
A.2.1 - Adoção de inadequada forma de modalidade de licitação,"Adoção de tipo, regime ou modalidade de licitação indevidos"
Sobrepreço decorrente de preços excessivos frente ao mercado.,Sobrepreço
ETN - subsidiária de fato da Chesf atuando sob regime jurídico indevido,Gestão temerária
Justificativa incipiente quanto à adoção de dispensa de licitação (item 3.3.12 do relatório de acompanhamento),Restrição à competitividade do certame
Ausência de termo aditivo formalizando alterações das condições inicialmente pactuadas.,"Aditivos irregulares, injustificados ou não celebrados"
O orçamento não é acompanhado das composições de todos os custos unitários de seus serviços no Edital / Contrato / Aditivo.,Falha na composição dos custos expressos na planilha orçamentária
Restrição à competitividade da licitação decorrente de adoção indevida de pré-qualificação.,Restrição à competitividade do certame
O aditivo ao convênio não foi devidamente justificado.,Irregularidades na formalização do convênio
Contratação irregular por dispensa ou inexigibilidade.,Contratação direta indevida ou não justificada
Execução de serviços com qualidade deficiente.,Objeto entregue com qualidade deficiente ou em desacordo com o licitado e com a legislação
Inclusão inadequada de itens na composição do BDI.,Falha na composição dos custos expressos na planilha orçamentária
Sobrepreço decorrente de preços excessivos frente ao mercado.,Sobrepreço
Superfaturamento decorrente de quantitativo inadequado.,Superfaturamento
Descumprimento de determinação exarada pelo TCU.,Descumprimento de determinação do TCU
Irregularidade graves concernentes ao aspecto ambiental - Obra licitada sem Licença Prévia.,"Ausência de licenças e autorizações necessárias à licitação, contratação, execução da obra ou funcionamento do empreendimento"
Fiscalização ou supervisão deficiente ou omissa.,Fiscalização contratual inexistente ou deficiente
Projeto básico deficiente ou desatualizado.,"Projeto inexistente, deficiente ou desatualizado"
Falhas relativas à publicidade do edital de licitação.,Irregularidades na condução do procedimento licitatório
Existência de atrasos injustificáveis nas obras e serviços.,Descumprimento do cronograma físico-financeiro do objeto
Descumprimento de cláusulas contratuais.,Outras irregularidades na execução do contrato
Liquidação irregular da despesa.,Liquidação e/ou pagamento irregular da despesa
Assunção indevida pela UFRJ de despesas diretas e indiretas de terceiros ocupantes,Cláusulas essenciais imprecisas ou ausentes
Ausência ou inadequação de providências para retomar obra paralisada.,Atraso ou paralisação da obra por ação ou omissão do gestor
Ausência de segregação de funções no planejamento e na fiscalização contratual.,Fiscalização contratual inexistente ou deficiente
Descumprimento de determinação exarada pelo TCU.,Descumprimento de determinação do TCU
Existência de preços diferentes para o mesmo serviço.,Falha na composição dos custos expressos na planilha orçamentária
Quantitativos inadequados na planilha orçamentária.,"Projeto inexistente, deficiente ou desatualizado"
Deficiência na apresentação das informações constantes da planilha orçamentária do Edital / Contrato / Aditivo.,Falha na composição dos custos expressos na planilha orçamentária
A obra paralisada está sendo deteriorada por intempéries ou por vandalismo.,Atraso ou paralisação da obra por ação ou omissão do gestor
"Retenção/pagamento de tributos (contribuição previdênciária, IR, ISS, etc.) em desacordo com os percentuais previstos no BDI da contratada ou na legislação vigente.",Liquidação e/ou pagamento irregular da despesa
Julgamento ou classificação das propostas em desacordo com os critérios do edital ou da legislação.,Julgamento em desconformidade com o edital e com a legislação (habilitação e propostas)
Sobrepreço - Sobrepreço decorrente de aumento inadequado de quantitativos.,Sobrepreço
Contratação indevida de serviços de conservação e recuperação.,Outras irregularidades na execução do contrato
"Orçamento do edital sem as composições dos custos unitários dos itens Instalação do Canteiro de Obras, Mobilização e Desmobilização e Manutenção do Canteiro de Obras.",Falha na composição dos custos expressos na planilha orçamentária
O orçamento não é acompanhado das composições de todos os custos unitários de seus serviços no Edital / Contrato / Aditivo.,Falha na composição dos custos expressos na planilha orçamentária
Superfaturamento decorrente de preços excessivos frente ao mercado.,Superfaturamento
Movimentação irregular da conta específica do convênio.,Irregularidades na execução do convênio
Acréscimos ou supressões em percentual superior ao legalmente permitido.,"Aditivos irregulares, injustificados ou não celebrados"
Projeto executivo deficiente ou desatualizado.,"Projeto inexistente, deficiente ou desatualizado"
Execução de serviços com qualidade deficiente.,Objeto entregue com qualidade deficiente ou em desacordo com o licitado e com a legislação
Inobservância dos requisitos legais e técnicos de acessibilidade de pessoas portadoras de deficiência ou com mobilidade reduzida.,"Projeto inexistente, deficiente ou desatualizado"
Projeto básico deficiente ou desatualizado.,"Projeto inexistente, deficiente ou desatualizado"
Ausência de cadastramento de contrato ou convênio no SIASG - Contrato não cadastrado no SIASG.,"Ausência de formalização, publicidade e/ou transparência do contrato"
Inclusão de parcela referente ao IRPJ e CSLL na composição do BDI ou na planilha de custo direto.,Falha na composição dos custos expressos na planilha orçamentária
"1 a 6 - Se os entes objeto do estudo de caso atenderam os critérios da LRF (Art. 25, § 1º, inc. IV, b e c) para recebimento de transferências voluntárias (limites mínimos de gasto com saúde e educação e limites de gasto com pessoal) nos exercícios de 2014 e 2015.",Irregularidades na fase de proposição
Autorização de contratação por servidor incompetente para prática do ato,Ausência de aprovação do projeto pela autoridade competente
"Sobrepreço - Sobrepreço decorrente de preços excessivos frente ao mercado (serviços, insumos e encargos).",Sobrepreço
Obra licitada sem Licença Prévia.,"Ausência de licenças e autorizações necessárias à licitação, contratação, execução da obra ou funcionamento do empreendimento"
Restrição à competitividade da licitação decorrente de critérios inadequados de habilitação e julgamento.,Restrição à competitividade do certame
Fiscalização ou supervisão deficiente ou omissa.,Fiscalização contratual inexistente ou deficiente
Inexistência de comprovação da aplicação de multa por inexecução contratual.,Outras irregularidades na execução do contrato
Licitação de obras sem previsão orçamentária ou com previsão insuficiente ou ilimitada.,Dotação orçamentária incompatível com a execução do objeto
Sobrepreço decorrente de preços excessivos frente ao mercado.,Sobrepreço
Sobrepreço decorrente de quantitativo inadequado.,Sobrepreço
Não obtenção de insumos essenciais ao desenvolvimento das ações de saúde indígena,Gestão temerária
Projeto básico deficiente ou desatualizado.,"Projeto inexistente, deficiente ou desatualizado"
Existência de atrasos injustificáveis nas obras e serviços.,Descumprimento do cronograma físico-financeiro do objeto
Inadequação ou inexistência dos critérios de aceitabilidade de preços unitário e global.,Irregularidades na elaboração do ato convocatório
Obra licitada sem Licença Prévia.,"Ausência de licenças e autorizações necessárias à licitação, contratação, execução da obra ou funcionamento do empreendimento"
A.7.1 Não utilização do objeto na finalidade do convênio.,Irregularidades na execução do convênio
Licitação realizada sem contemplar os requisitos mínimos exigidos pela Lei 8.666/93.,Irregularidades na condução do procedimento licitatório
Não se realizam inventários de estoque periódicos no almoxarifado central da Secretaria Municipal de Saúde de Marituba.,Gestão temerária
Sobrepreço decorrente de preços excessivos frente ao mercado.,Sobrepreço
Execução contratual deficiente,Objeto entregue com qualidade deficiente ou em desacordo com o licitado e com a legislação
Sobrepreço - Sobrepreço decorrente de BDI excessivo.,Sobrepreço
Orçamento do Edital / Contrato / Aditivo incompleto ou inadequado.,Falha na composição dos custos expressos na planilha orçamentária
Liquidação irregular da despesa.,Liquidação e/ou pagamento irregular da despesa
Inadequação das providências adotadas pela Administração para sanar interferências que possam provocar o atraso da obra.,Atraso ou paralisação da obra por ação ou omissão do gestor
Ausência de cadastramento de contrato no SIASG.,"Ausência de formalização, publicidade e/ou transparência do contrato"
Adoção de regime de execução contratual inadequado ou antieconômico,"Adoção de tipo, regime ou modalidade de licitação indevidos"
Sobrepreço decorrente de jogo de planilha.,Sobrepreço
Descumprimento de cláusulas contratuais.,Outras irregularidades na execução do contrato
O orçamento não é acompanhado das composições de todos os custos unitários de seus serviços no Edital / Contrato / Aditivo.,Falha na composição dos custos expressos na planilha orçamentária
"Irregularidade graves concernentes ao aspecto ambiental - Inexistência de EIA / RIMA aprovado pelo órgão ambiental, quando estes são necessários à obra.","Ausência de licenças e autorizações necessárias à licitação, contratação, execução da obra ou funcionamento do empreendimento"
Itens instalação/manutenção de canteiros e mobilização/desmobilização não se encontram detalhados no custo direto da obra.,Falha na composição dos custos expressos na planilha orçamentária
"Ausência de parcelamento do objeto, embora técnica e economicamente recomendável.",Restrição à competitividade do certame
Inadequação das providências adotadas pela Administração para sanar interferências que possam provocar o atraso da obra.,Atraso ou paralisação da obra por ação ou omissão do gestor
Orçamento do Edital / Contrato / Aditivo incompleto ou inadequado.,Falha na composição dos custos expressos na planilha orçamentária
Fiscalização ou supervisão deficiente ou omissa.,Fiscalização contratual inexistente ou deficiente
Ausência de termo aditivo formalizando alterações das condições inicialmente pactuadas.,"Aditivos irregulares, injustificados ou não celebrados"
Liquidação irregular da despesa.,Liquidação e/ou pagamento irregular da despesa
Fiscalização ou supervisão deficiente ou omissa.,Fiscalização contratual inexistente ou deficiente
Adiantamento de pagamentos.,Liquidação e/ou pagamento irregular da despesa
Os créditos instalação concedidos não atenderam à finalidade do PNRA.,Ausência de efetividade da obra
Restrição à competitividade da licitação decorrente de critérios inadequados de habilitação e julgamento.,Restrição à competitividade do certame
Julgamento ou classificação de proposta em desacordo com os critérios do edital ou da legislação.,Julgamento em desconformidade com o edital e com a legislação (habilitação e propostas)
Desperdício de recursos decorrente da perda de serviços realizados ocasionada por sobrepreço devido a quantitativo majorado.,Sobrepreço
Projeto executivo deficiente ou desatualizado.,"Projeto inexistente, deficiente ou desatualizado"
Cronograma de desembolso (físico-financeiro) incompatível com a execução física dos serviços.,Descumprimento do cronograma físico-financeiro do objeto
Sobrepreço decorrente de quantitativo inadequado.,Sobrepreço
Inadequação das providências adotadas pela Administração para sanar interferências que possam provocar o atraso da obra.,Atraso ou paralisação da obra por ação ou omissão do gestor
Projeto básico deficiente ou desatualizado.,"Projeto inexistente, deficiente ou desatualizado"
Gestão temerária de empreendimento.,Gestão temerária
Critério de medição inadequado ou incompatível com o objeto real pretendido.,Cláusulas essenciais imprecisas ou ausentes
Superfaturamento decorrente de pagamento por serviço não executado.,Superfaturamento
"O orçamento inadequado (não atende às exigências técnicas, legais e da jurisprudência do TCU).",Metodologia inadequada para definição do orçamento do objeto
Descumprimento de determinação exarada pelo TCU.,Descumprimento de determinação do TCU
Projeto básico/executivo deficiente ou inexistente - Ausência de ART do responsável pela execução da obra.,Outras irregularidades na execução do contrato
Inobservância dos requisitos legais e técnicos de acessibilidade de pessoas portadoras de deficiência ou com mobilidade reduzida.,"Projeto inexistente, deficiente ou desatualizado"
Fiscalização ou supervisão deficiente ou omissa.,Fiscalização contratual inexistente ou deficiente
Sub-rogação/subcontratação irregular de contrato - Existência de sub-rogação de contrato.,Subcontratação ou subrrogação irregular
Sobrepreço decorrente de preços excessivos frente ao mercado.,Sobrepreço
Fiscalização ou supervisão deficiente ou omissa.,Fiscalização contratual inexistente ou deficiente
Critério de reajuste inexistente ou inadequado.,Cláusulas essenciais imprecisas ou ausentes
Descumprimento de cláusulas contratuais.,Outras irregularidades na execução do contrato
Implantação de empreendimento sem realização de estudo de viabilidade técnica e econômico-financeira da obra.,Ausência de estudos capazes de comprovar a viabilidade do projeto
Inobservância dos requisitos legais e técnicos de acessibilidade de pessoas portadoras de deficiência ou com mobilidade reduzida.,"Projeto inexistente, deficiente ou desatualizado"
Inobservância dos requisitos legais e técnicos de acessibilidade de pessoas portadoras de deficiência ou com mobilidade reduzida.,"Projeto inexistente, deficiente ou desatualizado"
Inconsistências técnicas recorrentes nas versões do projeto executivo em elaboração,Outras irregularidades na execução do contrato
Superfaturamento decorrente da diferença entre o total pago pela obra e o total do orçamento paradigma,Superfaturamento
Restrição à competitividade da licitação decorrente de critérios inadequados de habilitação e julgamento.,Restrição à competitividade do certame
Itens instalação/manutenção de canteiros e mobilização/desmobilização não se encontram  detalhados no custo direto da obra.,Falha na composição dos custos expressos na planilha orçamentária
Gestão Fraudulenta de Contrato,Atraso ou paralisação da obra por ação ou omissão do gestor
Superfaturamento decorrente de pagamento por serviço não executado.,Superfaturamento
Duplicidade na contratação/Licitação de serviços,Irregularidades na habilitação e qualificação da licitante
Projeto básico deficiente ou desatualizado.,"Projeto inexistente, deficiente ou desatualizado"
Descumprimento de determinação exarada pelo TCU.,Descumprimento de determinação do TCU
Cláusulas do edital/contrato em desconformidade com os preceitos da legislação relativa ao RDC,Irregularidades na elaboração do ato convocatório
Sobrepreço - Sobrepreço decorrente de aumento inadequado de quantitativos.,Sobrepreço
Orçamento do Edital / Contrato / Aditivo incompleto ou inadequado.,Falha na composição dos custos expressos na planilha orçamentária
Impugnações/recursos denegados com motivação insuficiente.,Restrição à competitividade do certame
Critério de reajuste inexistente ou inadequado.,Cláusulas essenciais imprecisas ou ausentes
Adiantamento de pagamentos.,Liquidação e/ou pagamento irregular da despesa
Existência de atrasos injustificáveis nas obras e serviços.,Descumprimento do cronograma físico-financeiro do objeto
Existência de atrasos que podem comprometer o prazo de entrega do empreendimento.,Descumprimento do cronograma físico-financeiro do objeto
Projeto deficiente sem que tenha havido a responsabilização da empresa projetista,"Projeto inexistente, deficiente ou desatualizado"
Risco de baixa efetividade dos contratos,Outras irregularidades na execução do contrato
Irregularidade grave na execução do convênio - mesma conta bancária específica para convênios diferentes.,Irregularidades na formalização do convênio
Previsão no edital/contrato de critério de medição incompatível com o objeto real pretendido.,Cláusulas essenciais imprecisas ou ausentes
Fiscalização ou supervisão deficiente ou omissa.,Fiscalização contratual inexistente ou deficiente
Motivação deficiente e/ou viciada do ato de escolha do regime da contratação integrada do RDC.,"Adoção de tipo, regime ou modalidade de licitação indevidos"
Projeto básico deficiente ou desatualizado.,"Projeto inexistente, deficiente ou desatualizado"
Cláusulas contratuais em desacordo com os preceitos da Lei 8.666/93.,Cláusulas essenciais imprecisas ou ausentes
Fiscalização do convênio insatisfatória,Deficiência ou ausência do acompanhamento e fiscalização pelo órgão concedente
Adoção de regime de execução contratual inadequado ou antieconômico,"Adoção de tipo, regime ou modalidade de licitação indevidos"
"Retenção/pagamento de tributos (contribuição previdenciária, IR, ISS, etc.) em desacordo com os percentuais previstos no BDI da contratada ou na legislação vigente.",Liquidação e/ou pagamento irregular da despesa
Ausência de licenças ambientais de âmbito estadual e local.,"Ausência de licenças e autorizações necessárias à licitação, contratação, execução da obra ou funcionamento do empreendimento"
Sobrepreço decorrente de preços excessivos frente ao mercado.,Sobrepreço
Atrasos no cronograma de execução dos serviços,Descumprimento do cronograma físico-financeiro do objeto
Execução de serviços com qualidade deficiente.,Objeto entregue com qualidade deficiente ou em desacordo com o licitado e com a legislação
Contratação irregular por dispensa ou inexigibilidade.,Contratação direta indevida ou não justificada
Irregularidade grave na execução do convênio - Fiscalização deficiente da execução do convênio.,Deficiência ou ausência do acompanhamento e fiscalização pelo órgão concedente
Ausência de comunicação à Aneel sobre investimentos realizados não aproveitáveis,Outras irregularidades na execução do contrato
Projeto executivo deficiente ou desatualizado.,"Projeto inexistente, deficiente ou desatualizado"
Critério de reajuste inexistente ou inadequado.,Cláusulas essenciais imprecisas ou ausentes
"Desvio de objeto na execução do convênio (ou instrumento congênere), importando  transferência de recursos de uma categoria de programação para outra.",Irregularidades na execução do convênio
Liquidação e pagamento irregular das despesas.,Liquidação e/ou pagamento irregular da despesa
Fiscalização ou supervisão deficiente ou omissa.,Fiscalização contratual inexistente ou deficiente
A obra paralisada está sendo deteriorada por intempéries ou por vandalismo.,Atraso ou paralisação da obra por ação ou omissão do gestor
Fiscalização ou supervisão deficiente ou omissa.,Fiscalização contratual inexistente ou deficiente
Sobrepreço decorrente de preços excessivos frente ao mercado.,Sobrepreço
Restrição à competitividade da licitação regida pelo RDC decorrente de critérios inadequados de habilitação e julgamento.,Restrição à competitividade do certame
Pagamento por serviços não previstos contratualmente.,Liquidação e/ou pagamento irregular da despesa
Sobrepreço decorrente de preços excessivos frente ao mercado.,Sobrepreço
As condicionantes da Licença de Instalação não estão sendo atendidas.,"Ausência de licenças e autorizações necessárias à licitação, contratação, execução da obra ou funcionamento do empreendimento"
Impropriedades na execução do convênio,Irregularidades na execução do convênio
Sobrepreço decorrente de preços excessivos frente ao mercado.,Sobrepreço
Inclusão inadequada de itens na composição do BDI.,Falha na composição dos custos expressos na planilha orçamentária
Sub-rogação/subcontratação irregular de contrato - Subcontração não autorizada pela Administração ou não prevista em edital/contrato.,Subcontratação ou subrrogação irregular
Deficiência na apresentação das informações constantes da planilha orçamentária do Edital / Contrato / Aditivo.,Falha na composição dos custos expressos na planilha orçamentária
"Atraso no início das obras em decorrência da prorrogação excessiva de prazo, concedida pela CEF, para apresentação do projeto do hospital de Formosa do Rio Preto.",Irregularidades na execução do convênio
Execução de serviços com qualidade deficiente.,Objeto entregue com qualidade deficiente ou em desacordo com o licitado e com a legislação
Falta de retenção da garantia prevista na Lei 8.666/93.,Garantia contratual inexistente
Ausência ou inadequação de providências para retomar obra paralisada.,Atraso ou paralisação da obra por ação ou omissão do gestor
Sobrepreço decorrente de preços excessivos frente ao mercado.,Sobrepreço
Ausência ou inadequação das Prestações de Contas.,Ausência ou inadequação das prestações de contas do convênio
Projeto básico/executivo deficiente ou inexistente - Deficiência do projeto básico ou projeto básico desatualizado.,"Projeto inexistente, deficiente ou desatualizado"
O orçamento não é acompanhado das composições de todos os custos unitários de seus serviços no Edital / Contrato / Aditivo.,Falha na composição dos custos expressos na planilha orçamentária
Adiantamento de pagamentos.,Liquidação e/ou pagamento irregular da despesa
Inclusão inadequada de itens na composição do BDI.,Falha na composição dos custos expressos na planilha orçamentária
Escolha injustificada do regime de execução.,"Adoção de tipo, regime ou modalidade de licitação indevidos"
"Formalização de termo aditivo sem manutenção do desconto da proposta original, determinado pelo art. 14 do Decreto 7.983/2013","Aditivos irregulares, injustificados ou não celebrados"
Itens instalação/manutenção de canteiros e mobilização/desmobilização não se encontram  detalhados no custo direto da obra.,Falha na composição dos custos expressos na planilha orçamentária
Projeto executivo deficiente ou desatualizado.,"Projeto inexistente, deficiente ou desatualizado"
Sobrepreço decorrente de preços excessivos frente ao mercado.,Sobrepreço
Projeto básico deficiente ou desatualizado.,"Projeto inexistente, deficiente ou desatualizado"
Cronograma de desembolso (físico-financeiro) incompatível com a execução física dos serviços.,Descumprimento do cronograma físico-financeiro do objeto
Execução de serviços com qualidade deficiente.,Objeto entregue com qualidade deficiente ou em desacordo com o licitado e com a legislação
Irregularidades em procedimentos licitatórios e contratações diretas,Restrição à competitividade do certame
Projeto básico deficiente ou desatualizado.,"Projeto inexistente, deficiente ou desatualizado"
Execução de serviços com qualidade deficiente.,Objeto entregue com qualidade deficiente ou em desacordo com o licitado e com a legislação
Liquidação irregular da despesa.,Liquidação e/ou pagamento irregular da despesa
Demais irregularidades graves na administração do contrato - Prorrogação de prazo injustificada.,"Aditivos irregulares, injustificados ou não celebrados"
Existência de atrasos que podem comprometer o prazo de entrega do empreendimento.,Descumprimento do cronograma físico-financeiro do objeto
Orçamento do Edital / Contrato / Aditivo incompleto ou inadequado.,Falha na composição dos custos expressos na planilha orçamentária
Modalidade indevida de licitação.,"Adoção de tipo, regime ou modalidade de licitação indevidos"
Irregularidade grave na execução do convênio - Inserção de cláusula(s) vedada pelo art. 8º da  Instrução Normativa STN nº 1.,Irregularidades na formalização do convênio
"Acréscimos ao valor contratual superiores ao limite legal - Acréscimos e/ou supressões em percentual superior ao permitido pela Lei 8.666/93, art. 65, § 1º, conforme Acórdão 1.428/2003-TCU-Plenário e 2134/2006-TCU-Plenário.","Aditivos irregulares, injustificados ou não celebrados"
Ausência de termo aditivo formalizando alterações das condições inicialmente pactuadas.,"Aditivos irregulares, injustificados ou não celebrados"
Restrição à competitividade da licitação decorrente de critérios inadequados de habilitação e julgamento.,Restrição à competitividade do certame
O orçamento não é acompanhado das composições de todos os custos unitários de seus serviços no Edital / Contrato / Aditivo.,Falha na composição dos custos expressos na planilha orçamentária
O orçamento não é acompanhado das composições de todos os custos unitários de seus serviços no Edital / Contrato / Aditivo.,Falha na composição dos custos expressos na planilha orçamentária
Julgamento ou classificação das propostas em desacordo com os critérios do edital ou da legislação.,Julgamento em desconformidade com o edital e com a legislação (habilitação e propostas)
Superfaturamento - Superfaturamento decorrente de inclusão inadequada de novos serviços.,Superfaturamento
Estudo de viabilidade técnica e econômico-financeira deficiente.,Ausência de estudos capazes de comprovar a viabilidade do projeto
"Não existem retenções ou apólice de seguro vigente, para o Contrato CT 21/2001, que assegurarem o resultado da apuração de eventual dano ao erário em curso no TC 004.056/2015-9 do Tribunal de Contas da União",Descumprimento de determinação do TCU
Achado A.24. Contrato C1/12/022: Contratação por inexigibilidade de licitação sem demonstração da inviabilidade de competição pela área técnica responsável.,Contratação direta indevida ou não justificada
